<?xml version="1.0" encoding="UTF-8"?>
<window>
	<defaultcontrol>20</defaultcontrol>
	<controls>
		<include>CommonBackground</include>
		<include>ContentPanelBackgrounds</include>
		
		
		
		<control type="group">
			<left>30</left>
			<top>40</top>
			<animation type="WindowOpen" reversible="false">
				<effect type="zoom" start="80" end="100" center="640,360" easing="out" tween="back" time="225" />
				<effect type="fade" start="0" end="100" time="225" />
			</animation>
			<animation type="WindowClose" reversible="false">
				<effect type="zoom" start="100" end="80" center="640,360" easing="in" tween="back" time="225" />
				<effect type="fade" start="100" end="0" time="225" />
			</animation>
			<!--
			<control type="image">
				<left>0</left>
				<top>0</top>
				<width>610</width>
				<height>620</height>
				<texture border="20">ContentPanel.png</texture>
			</control>
			<control type="image">
				<left>0</left>
				<top>612</top>
				<width>610</width>
				<height>64</height>
				<texture border="10">ContentPanelMirror.png</texture>
			</control>
			-->
			<control type="image">
				<left>20</left>
				<top>20</top>
				<width>80</width>
				<height>80</height>
				<aspectratio>keep</aspectratio>
				<info>Container(20).ListItem.Icon</info>
				<bordertexture border="4">button-nofocus.png</bordertexture>
				<bordersize>3</bordersize>
			</control>
			<control type="label" id="101">
				<description>current directory text label</description>
				<left>110</left>
				<top>70</top>
				<width>470</width>
				<height>30</height>
				<font>font12_title</font>
				<textcolor>selected</textcolor>
				<shadowcolor>black</shadowcolor>
				<scroll>true</scroll>
				<align>left</align>
				<aligny>center</aligny>
			</control>
			<control type="list" id="20">
				<left>20</left>
				<top>110</top>
				<width>550</width>
				<height>491</height>
				<onleft>20</onleft>
				<onright>30</onright>
				<onup>20</onup>
				<ondown>20</ondown>
				<pagecontrol>30</pagecontrol>
				<scrolltime>200</scrolltime>
				<itemlayout height="40" width="550">
					<control type="image">
						<left>0</left>
						<top>0</top>
						<width>550</width>
						<height>41</height>
						<texture border="0,2,0,2">MenuItemNF.png</texture>
					</control>
					<control type="label">
						<left>10</left>
						<top>0</top>
						<width>500</width>
						<height>40</height>
						<font>font13</font>
						<aligny>center</aligny>
						<selectedcolor>selected</selectedcolor>
						<textcolor>grey2</textcolor>
						<align>left</align>
						<info>ListItem.Label</info>
					</control>
					<control type="label">
						<left>340</left>
						<top>0</top>
						<width>200</width>
						<height>40</height>
						<font>font12</font>
						<aligny>center</aligny>
						<selectedcolor>selected</selectedcolor>
						<textcolor>grey</textcolor>
						<align>right</align>
						<info>ListItem.Label2</info>
					</control>
				</itemlayout>
				<focusedlayout height="40" width="550">
					<control type="image">
						<left>0</left>
						<top>0</top>
						<width>550</width>
						<height>41</height>
						<visible>!Control.HasFocus(20)</visible>
						<texture border="0,2,0,2">MenuItemNF.png</texture>
					</control>
					<control type="image">
						<left>0</left>
						<top>0</top>
						<width>550</width>
						<height>41</height>
						<visible>Control.HasFocus(20)</visible>
						<texture border="4">MenuItemFO.png</texture>
					</control>
					<!--
					<control type="image">
						<left>340</left>
						<top>5</top>
						<width>200</width>
						<height>31</height>
						<texture border="0,0,14,0">MediaItemDetailBG.png</texture>
						<visible>Control.HasFocus(20) + !String.IsEmpty(ListItem.Label2)</visible>
					</control>
					-->
					<control type="label">
						<left>10</left>
						<top>0</top>
						<width>500</width>
						<height>40</height>
						<font>font13</font>
						<aligny>center</aligny>
						<selectedcolor>selected</selectedcolor>
						<textcolor>white</textcolor>
						<align>left</align>
						<info>ListItem.Label</info>
					</control>
					<control type="label">
						<left>340</left>
						<top>0</top>
						<width>200</width>
						<height>40</height>
						<font>font12</font>
						<aligny>center</aligny>
						<selectedcolor>selected</selectedcolor>
						<textcolor>grey</textcolor>
						<align>right</align>
						<info>ListItem.Label2</info>
					</control>
				</focusedlayout>
			</control>
			<control type="scrollbar" id="30">
				<left>575</left>
				<top>103</top>
				<width>25</width>
				<height>497</height>
				<texturesliderbackground border="10">scrollbars/ScrollBarUni-bg.png</texturesliderbackground>
				<texturesliderbar border="10">scrollbars/ScrollBarUni-bar.png</texturesliderbar>
				<texturesliderbarfocus border="10">scrollbars/ScrollBarUni-bar-focus.png</texturesliderbarfocus>
				<textureslidernib></textureslidernib>
				<textureslidernibfocus></textureslidernibfocus>
				<onleft>20</onleft>
				<onright>21</onright>
				<ondown>30</ondown>
				<onup>30</onup>
				<showonepage>false</showonepage>
				<orientation>vertical</orientation>
			</control>
		</control>
		
		
		
		<control type="group">
			<left>650</left>
			<top>40</top>
			<animation type="WindowOpen" reversible="false">
				<effect type="zoom" start="80" end="100" center="640,360" easing="out" tween="back" time="225" />
				<effect type="fade" start="0" end="100" time="225" />
			</animation>
			<animation type="WindowClose" reversible="false">
				<effect type="zoom" start="100" end="80" center="640,360" easing="in" tween="back" time="225" />
				<effect type="fade" start="100" end="0" time="225" />
			</animation>
			<!--
			<control type="image">
				<left>0</left>
				<top>0</top>
				<width>610</width>
				<height>620</height>
				<texture border="20">ContentPanel.png</texture>
			</control>
			<control type="image">
				<left>0</left>
				<top>612</top>
				<width>610</width>
				<height>64</height>
				<texture border="10">ContentPanelMirror.png</texture>
			</control>
			-->
			<control type="image">
				<left>20</left>
				<top>20</top>
				<width>80</width>
				<height>80</height>
				<aspectratio>keep</aspectratio>
				<info>Container(21).ListItem.Icon</info>
				<bordertexture border="4">button-nofocus.png</bordertexture>
				<bordersize>3</bordersize>
			</control>
			<control type="label" id="102">
				<description>current directory text label</description>
				<left>110</left>
				<top>70</top>
				<width>470</width>
				<height>30</height>
				<font>font12_title</font>
				<textcolor>selected</textcolor>
				<shadowcolor>black</shadowcolor>
				<scroll>true</scroll>
				<align>left</align>
				<aligny>center</aligny>
			</control>
			<control type="list" id="21">
				<left>20</left>
				<top>110</top>
				<width>550</width>
				<height>491</height>
				<onleft>30</onleft>
				<onright>31</onright>
				<onup>21</onup>
				<ondown>21</ondown>
				<pagecontrol>31</pagecontrol>
				<scrolltime>200</scrolltime>
				<itemlayout height="40">
					<control type="image">
						<left>0</left>
						<top>0</top>
						<width>550</width>
						<height>41</height>
						<texture border="0,2,0,2">MenuItemNF.png</texture>
					</control>
					<control type="label">
						<left>10</left>
						<top>0</top>
						<width>500</width>
						<height>40</height>
						<font>font13</font>
						<aligny>center</aligny>
						<selectedcolor>selected</selectedcolor>
						<textcolor>grey2</textcolor>
						<align>left</align>
						<info>ListItem.Label</info>
					</control>
					<control type="label">
						<left>340</left>
						<top>0</top>
						<width>200</width>
						<height>40</height>
						<font>font12</font>
						<aligny>center</aligny>
						<selectedcolor>selected</selectedcolor>
						<textcolor>grey</textcolor>
						<align>right</align>
						<info>ListItem.Label2</info>
					</control>
				</itemlayout>
				<focusedlayout height="40">
					<control type="image">
						<left>0</left>
						<top>0</top>
						<width>550</width>
						<height>41</height>
						<visible>!Control.HasFocus(21)</visible>
						<texture border="0,2,0,2">MenuItemNF.png</texture>
					</control>
					<control type="image">
						<left>0</left>
						<top>0</top>
						<width>550</width>
						<height>41</height>
						<visible>Control.HasFocus(21)</visible>
						<texture border="4">MenuItemFO.png</texture>
					</control>
					<!--
					<control type="image">
						<left>340</left>
						<top>5</top>
						<width>200</width>
						<height>31</height>
						<texture border="0,0,14,0">MediaItemDetailBG.png</texture>
						<visible>Control.HasFocus(21) + !String.IsEmpty(ListItem.Label2)</visible>
					</control>
					-->
					<control type="label">
						<left>10</left>
						<top>0</top>
						<width>500</width>
						<height>40</height>
						<font>font13</font>
						<aligny>center</aligny>
						<selectedcolor>selected</selectedcolor>
						<textcolor>white</textcolor>
						<align>left</align>
						<info>ListItem.Label</info>
					</control>
					<control type="label">
						<left>340</left>
						<top>0</top>
						<width>200</width>
						<height>40</height>
						<font>font12</font>
						<aligny>center</aligny>
						<selectedcolor>selected</selectedcolor>
						<textcolor>grey</textcolor>
						<align>right</align>
						<info>ListItem.Label2</info>
					</control>
				</focusedlayout>
			</control>
			<control type="scrollbar" id="31">
				<left>575</left>
				<top>103</top>
				<width>25</width>
				<height>497</height>
				<texturesliderbackground border="10">scrollbars/ScrollBarUni-bg.png</texturesliderbackground>
				<texturesliderbar border="10">scrollbars/ScrollBarUni-bar.png</texturesliderbar>
				<texturesliderbarfocus border="10">scrollbars/ScrollBarUni-bar-focus.png</texturesliderbarfocus>
				<textureslidernib></textureslidernib>
				<textureslidernibfocus></textureslidernibfocus>
				<onleft>21</onleft>
				<onright>31</onright>
				<ondown>31</ondown>
				<onup>31</onup>
				<showonepage>false</showonepage>
				<orientation>vertical</orientation>
			</control>
		</control>
		<control type="group">
			<depth>DepthFooter</depth>
			<control type="label">
				<description>number of files/pages in left list text label</description>
				<left>30</left>
				<top>667</top><!--xxx-->
				<width>610</width>
				<font>font12</font>
				<align>center</align>
				<scroll>true</scroll>
				<textcolor>grey</textcolor>
				<shadowcolor>black</shadowcolor>
				<label>$INFO[Container(20).NumItems] $LOCALIZE[31025]</label>
			</control>
			<control type="label">
				<description>number of files/pages in left list text label</description>
				<left>650</left>
				<top>667</top><!--xxx-->
				<width>610</width>
				<font>font12</font>
				<align>center</align>
				<scroll>true</scroll>
				<textcolor>grey</textcolor>
				<shadowcolor>black</shadowcolor>
				<label>$INFO[Container(21).NumItems] $LOCALIZE[31025]</label>
			</control>
		</control>
		
		<include>MainWindowMouseButtons</include>
		<include>BehindDialogFadeOut</include>
		
		<include content="CommonWindowHeader">
			<param name="Icon" value="icon_system" />
			<param name="Label" value="$LOCALIZE[7]" />
		</include>
		
	</controls>
</window>
