<?xml version="1.0" encoding="UTF-8"?>
<includes>
	<include name="CommonBackground">
		<!-- default /backgrounds/ folder background -->
		<control type="image">
			<depth>DepthBackground</depth>
			<description>Normal Default Background Image</description>
			<include>BackgroundDimensions</include>
			<aspectratio>scale</aspectratio>
			<texture fallback="special://skin/backgrounds/background_4.png">$INFO[Skin.String(BackgroundType),special://skin/backgrounds/background_,.png]</texture>
			<visible>![Skin.HasSetting(UseCustomBackground) + !String.IsEmpty(Skin.String(CustomBackgroundPath))]</visible>
			<include>VisibleFadeEffect</include>
		</control>

		<!-- user defined background -->
		<control type="image">
			<depth>DepthBackground</depth>
			<description>User Set Background Image</description>
			<include>BackgroundDimensions</include>
			<aspectratio>scale</aspectratio>
			<texture>$INFO[Skin.String(CustomBackgroundPath)]</texture>
			<visible>Skin.HasSetting(UseCustomBackground) + !String.IsEmpty(Skin.String(CustomBackgroundPath))</visible>
			<include>VisibleFadeEffect</include>
		</control>

		<!-- fanart -->
		<!--
		black background to completely hide the default background and allow darkening (by transparency)
		the fanart images a bit
	  -->
		<!-- TEST CODE -->
		<control type="label">
			<font>font14</font>
      <textcolor>ffffffff</textcolor>
      <shadowcolor>ff000000</shadowcolor>
			<!--<label>-- $INFO[Player.Art(fanart)] ++</label> -->
			<!--<label>-- $INFO[ListItem.Art(fanart)] ++</label>-->
			<label>$VAR[MetaFanart]</label>
      <left>0</left>
      <top>300</top>
      <width>1280</width>
      <visible>true</visible>
      <align>center</align>
      <aligny>top</aligny>
		</control>
		<!--    end    -->

		<control type="label" id="6661">
			<description>Dummy label to control the visibility of fanart image</description>
			<label>$VAR[MetaFanart]</label>
			<visible>false</visible>
		</control>

		<control type="image">
			<texture>_added_img/1280x720_black.png</texture>
			<depth>DepthBackground</depth>
			<include>BackgroundDimensions</include>
			<visible>!String.IsEmpty(Control.GetLabel(6661))</visible>
			<include>VisibleFadeEffect</include>
		</control>

		<control type="image">
			<description>Fanart Image</description>
  		<colordiffuse>99FFFFFF</colordiffuse>
			<depth>DepthBackground</depth>
			<include>BackgroundDimensions</include>
			<aspectratio>scale</aspectratio>
			<texture>$VAR[MetaFanart]</texture>
			<!--<texture>$INFO[ListItem.Art(fanart)]</texture>-->
			<include>backgroundfade</include>
			<fadetime>FanartCrossfadeTime</fadetime>
			<include>Window_OpenClose_Animation</include>
			<!--<visible>!String.IsEmpty(VAR[MetaFanart])</visible>-->
			<!--<visible>true</visible>-->
			<visible>!String.IsEmpty(Control.GetLabel(6661))</visible>
			<include>VisibleFadeEffect</include>
		</control>

		<control type="image">
			<description>Black overlay over Home screen to avoid too much clutter</description>
			<texture>_added_img/1280x720_black.png</texture>
			<colordiffuse>40FFFFFF</colordiffuse>
			<depth>DepthBackground</depth>
			<include>BackgroundDimensions</include>
			<visible>true</visible>
			<visible>Window.IsActive(Home)</visible>
			<include>VisibleFadeEffect</include>
		</control>

		<control type="visualisation">
			<left>0</left>
			<top>0</top>
			<width>1280</width>
			<height>720</height>
			<visible>Player.HasAudio + !Skin.HasSetting(ShowBackgroundVis) + !Slideshow.IsActive</visible>
			<visible>String.IsEmpty(Window(Videos).Property(PlayingBackgroundMedia))</visible>
		</control>
		<control type="videowindow">
			<depth>DepthBackground</depth>
			<left>0</left>
			<top>0</top>
			<width>1280</width>
			<height>720</height>
			<visible>Player.HasVideo + !Skin.HasSetting(ShowBackgroundVideo) + !Slideshow.IsActive</visible>
		</control>

		<!-- top fadeout -->
		<control type="image" id="9999991">
			<depth>DepthBackground</depth>
			<left>-20</left>
			<top>-100</top>
			<width>1320</width>
			<height>180</height>
			<texture flipy="true" border="1">HomeNowPlayingBack.png</texture>
			<animation effect="fade" end="30" time="0" condition="true">Conditional</animation>
			<!-- orig 95 -->
			<include>Window_OpenClose_Animation</include>
			<include>VisibleFadeEffect</include>
			<visible>Window.IsVisible(Home)</visible>
		</control>

		<!-- bottom fadeout -->
		<control type="image">
			<depth>DepthBackground</depth>
			<left>-20</left>
			<top>140r</top>
			<width>1320</width>
			<height>140</height>
			<texture flipy="false" border="1">_added_img/posterwall_fadeout.png</texture>
			<visible>false + !Window.IsVisible(Home)</visible>
			<animation effect="fade" end="80" time="350">WindowOpen</animation><!-- 95 100!!! -->
			<animation effect="fade" end="0" time="350">WindowClose</animation>
		</control>

		<control type="image">
			<depth>DepthBackground</depth>
			<left>-20</left>
			<top>100r</top>
			<width>1320</width>
			<height>180</height>
			<texture flipy="false" border="1">HomeNowPlayingBack.png</texture>
			<visible>Window.IsVisible(Home) + System.GetBool(lookandfeel.enablerssfeeds)</visible>
			<animation effect="fade" start="100" end="50" time="0" condition="true">Conditional</animation>
			<include>Window_OpenClose_Animation</include>
			<include>VisibleFadeEffect</include>
		</control>
	</include>

	<include name="ContentPanelBackgrounds">
		<control type="group">
			<include>Window_OpenClose_Animation</include>
			<control type="group">
				<include>VisibleFadeEffect</include>
				<!-- semi-transparent IF NO MOVING BACKGROUND -->
				<control type="image" id="9999992">
					<left>0</left>
					<top>0</top>
					<width>1280</width>
					<height>720</height>
					<texture background="true">_added_img/1280x720_black.png</texture>

					<visible>![Player.HasVideo + !Skin.HasSetting(ShowBackgroundVideo)] +
							![Player.HasAudio + ![Skin.HasSetting(ShowBackgroundVis) | !String.IsEmpty(Window(Videos).Property(PlayingBackgroundMedia))]]</visible>

					<animation effect="fade" end="76" time="0" condition="true">Conditional</animation><!-- 76 -->
				</control>

				<!-- semi-transparent IF VIDEO OR VIS SHOWING -->
				<control type="image">
					<left>0</left>
					<top>0</top>
					<width>1280</width>
					<height>720</height>
					<texture background="true">_added_img/1280x720_black.png</texture>
					<visible>!Control.IsVisible(9999992)</visible>
					<animation effect="fade" end="88" time="0" condition="true">Conditional</animation>
				</control>
			</control>
		</control>
	</include>
</includes>
