<?xml version="1.0" encoding="UTF-8"?>
<addon id="skin.konfluence" version="4.2.4" name="Konfluence (Beta) (KODI 18)" provider-name="pixelgordo">
	<requires>
		<import addon="xbmc.gui" version="5.14.0"/>
		<import addon="service.library.data.provider.lite" version="0.3.2"/>
	</requires>
	<extension point="xbmc.gui.skin" debugging="false" effectslowdown="0.22">
		<res width="1280" height="720" aspect="16:9" default="true" folder="720p" />
	</extension>
	<extension point="xbmc.addon.metadata">
		<summary lang="en">"Konfluence" is a mod of "A Confluence ZEITGEIST" with some extra features.</summary>
		<description lang="en">"Konfluence" is a mod of "A Confluence ZEITGEIST" with some extra features. It mainly
		features an kiosk mode (views cannot be modified) and other minor style changes or simplifications.</description>
		<platform>all</platform>
		<license></license>
		<forum></forum>
		<website></website>
		<email></email>
		<source></source>
		<news>
			2019-08-27 - First version based on Confluence Zeitgeist 4.2.4.
		</news>
		<assets>
			<icon>resources/icon.png</icon>
			<fanart>resources/fanart.png</fanart>
		</assets>
	</extension>
</addon>
